id,first_name,last_name
59ea7840fc13ae1f6d000096,Benny,Ventom
59ea7840fc13ae1f6d000097,Cara,Motherwell
59ea7840fc13ae1f6d000098,Willem,Haresign
59ea7840fc13ae1f6d000099,Trish,Farlane
59ea7840fc13ae1f6d00009a,Camilla,Limpkin
59ea7840fc13ae1f6d00009b,Godwin,Caffrey
59ea7840fc13ae1f6d00009c,Elvera,Custed
59ea7840fc13ae1f6d00009d,Vinson,Farres
59ea7840fc13ae1f6d00009e,Kliment,Pitchford
59ea7840fc13ae1f6d00009f,Matty,Heater
59ea7840fc13ae1f6d0000a0,Juana,Begg
59ea7840fc13ae1f6d0000a1,Alix,Layus
59ea7840fc13ae1f6d0000a2,Tessa,Brandes
59ea7840fc13ae1f6d0000a3,Hedwig,Fishley
59ea7840fc13ae1f6d0000a4,Cordelia,Aubray